date	temperature (daily mean) in Hamburg
2008-01-01	0.2
2008-01-02	0.6
2008-01-03	-2.7
2008-01-04	-4.4
2008-01-05	0.8
2008-01-06	4.1
2008-01-07	4.0
2008-01-08	5.8
2008-01-09	5.0
2008-01-10	6.4
2008-01-11	9.9
2008-01-12	7.6
2008-01-13	3.8
2008-01-14	2.9
2008-01-15	8.2
2008-01-16	8.5
2008-01-17	6.0
2008-01-18	7.6
2008-01-19	9.1
2008-01-20	7.4
2008-01-21	5.6
2008-01-22	2.2
2008-01-23	3.8
2008-01-24	7.6
2008-01-25	6.3
2008-01-26	8.1
2008-01-27	7.2
2008-01-28	7.7
2008-01-29	6.3
2008-01-30	4.8
2008-01-31	2.7
2008-02-01	4.9
2008-02-02	1.9
2008-02-03	2.7
2008-02-04	3.6
2008-02-05	4.8
2008-02-06	7.2
2008-02-07	6.0
2008-02-08	7.1
2008-02-09	6.0
2008-02-10	4.8
2008-02-11	2.6
2008-02-12	4.2
2008-02-13	3.1
2008-02-14	2.7
2008-02-15	-1.8
2008-02-16	-2.5
2008-02-17	0.6
2008-02-18	5.4
2008-02-19	5.1
2008-02-20	3.5
2008-02-21	5.3
2008-02-22	9.8
2008-02-23	8.0
2008-02-24	9.0
2008-02-25	6.6
2008-02-26	8.5
2008-02-27	6.6
2008-02-28	6.2
2008-02-29	6.0
2008-03-01	6.6
2008-03-02	6.2
2008-03-03	4.4
2008-03-04	2.4
2008-03-05	2.1
2008-03-06	6.0
2008-03-07	7.6
2008-03-08	6.5
2008-03-09	8.6
2008-03-10	9.4
2008-03-11	7.5
2008-03-12	6.2
2008-03-13	6.3
2008-03-14	5.6
2008-03-15	5.9
2008-03-16	6.0
2008-03-17	3.0
2008-03-18	3.5
2008-03-19	2.5
2008-03-20	1.6
2008-03-21	3.8
2008-03-22	0.9
2008-03-23	-0.8
2008-03-24	0.1
2008-03-25	0.7
2008-03-26	1.6
2008-03-27	2.8
2008-03-28	6.2
2008-03-29	7.2
2008-03-30	11.1
2008-03-31	8.8
2008-04-01	8.2
2008-04-02	7.6
2008-04-03	7.4
2008-04-04	7.0
2008-04-05	6.1
2008-04-06	3.5
2008-04-07	3.1
2008-04-08	5.2
2008-04-09	4.8
2008-04-10	5.2
2008-04-11	4.7
2008-04-12	7.9
2008-04-13	7.7
2008-04-14	6.6
2008-04-15	5.6
2008-04-16	4.4
2008-04-17	4.8
2008-04-18	7.3
2008-04-19	5.7
2008-04-20	7.6
2008-04-21	9.1
2008-04-22	9.2
2008-04-23	10.4
2008-04-24	12.7
2008-04-25	11.2
2008-04-26	11.5
2008-04-27	15.7
2008-04-28	14.6
2008-04-29	10.4
2008-04-30	13.3
2008-05-01	11.9
2008-05-02	11.1
2008-05-03	11.0
2008-05-04	12.0
2008-05-05	13.5
2008-05-06	14.2
2008-05-07	15.1
2008-05-08	16.3
2008-05-09	17.4
2008-05-10	18.0
2008-05-11	17.9
2008-05-12	18.1
2008-05-13	13.6
2008-05-14	12.7
2008-05-15	14.5
2008-05-16	15.4
2008-05-17	10.5
2008-05-18	11.2
2008-05-19	9.9
2008-05-20	10.0
2008-05-21	11.6
2008-05-22	12.4
2008-05-23	13.8
2008-05-24	14.4
2008-05-25	13.6
2008-05-26	12.9
2008-05-27	14.8
2008-05-28	19.0
2008-05-29	19.2
2008-05-30	21.1
2008-05-31	21.5
2008-06-01	22.1
2008-06-02	22.7
2008-06-03	20.1
2008-06-04	17.9
2008-06-05	18.3
2008-06-06	19.1
2008-06-07	20.2
2008-06-08	20.6
2008-06-09	19.0
2008-06-10	16.5
2008-06-11	13.6
2008-06-12	12.8
2008-06-13	12.0
2008-06-14	12.5
2008-06-15	10.8
2008-06-16	12.1
2008-06-17	13.7
2008-06-18	17.5
2008-06-19	17.1
2008-06-20	14.6
2008-06-21	16.4
2008-06-22	20.9
2008-06-23	14.9
2008-06-24	14.1
2008-06-25	18.0
2008-06-26	18.0
2008-06-27	15.0
2008-06-28	17.0
2008-06-29	18.6
2008-06-30	17.2
2008-07-01	18.7
2008-07-02	23.7
2008-07-03	22.8
2008-07-04	15.6
2008-07-05	18.5
2008-07-06	19.1
2008-07-07	15.7
2008-07-08	15.6
2008-07-09	15.0
2008-07-10	16.5
2008-07-11	18.7
2008-07-12	16.4
2008-07-13	16.3
2008-07-14	16.9
2008-07-15	18.1
2008-07-16	16.9
2008-07-17	14.8
2008-07-18	15.1
2008-07-19	15.7
2008-07-20	14.6
2008-07-21	13.2
2008-07-22	15.7
2008-07-23	16.8
2008-07-24	19.3
2008-07-25	21.5
2008-07-26	23.2
2008-07-27	23.7
2008-07-28	24.1
2008-07-29	24.4
2008-07-30	21.6
2008-07-31	23.6
2008-08-01	21.9
2008-08-02	20.7
2008-08-03	20.2
2008-08-04	17.2
2008-08-05	16.7
2008-08-06	18.4
2008-08-07	22.3
2008-08-08	17.9
2008-08-09	16.4
2008-08-10	17.5
2008-08-11	17.3
2008-08-12	17.3
2008-08-13	17.3
2008-08-14	16.6
2008-08-15	15.4
2008-08-16	15.0
2008-08-17	16.6
2008-08-18	16.7
2008-08-19	18.9
2008-08-20	16.7
2008-08-21	17.2
2008-08-22	16.6
2008-08-23	13.5
2008-08-24	15.9
2008-08-25	16.1
2008-08-26	17.2
2008-08-27	16.9
2008-08-28	17.7
2008-08-29	17.3
2008-08-30	16.6
2008-08-31	18.6
2008-09-01	17.1
2008-09-02	17.0
2008-09-03	14.6
2008-09-04	14.8
2008-09-05	17.1
2008-09-06	18.6
2008-09-07	17.3
2008-09-08	16.4
2008-09-09	16.5
2008-09-10	17.4
2008-09-11	18.4
2008-09-12	15.5
2008-09-13	12.4
2008-09-14	11.7
2008-09-15	12.4
2008-09-16	11.3
2008-09-17	12.0
2008-09-18	11.1
2008-09-19	9.9
2008-09-20	10.8
2008-09-21	13.0
2008-09-22	12.3
2008-09-23	12.9
2008-09-24	13.3
2008-09-25	12.9
2008-09-26	11.1
2008-09-27	10.8
2008-09-28	11.6
2008-09-29	10.9
2008-09-30	10.6
2008-10-01	11.1
2008-10-02	10.1
2008-10-03	8.3
2008-10-04	8.7
2008-10-05	10.0
2008-10-06	11.3
2008-10-07	13.1
2008-10-08	14.2
2008-10-09	11.9
2008-10-10	11.0
2008-10-11	12.9
2008-10-12	12.0
2008-10-13	13.6
2008-10-14	14.2
2008-10-15	12.6
2008-10-16	9.9
2008-10-17	9.0
2008-10-18	9.5
2008-10-19	11.7
2008-10-20	12.3
2008-10-21	12.0
2008-10-22	8.0
2008-10-23	8.4
2008-10-24	9.4
2008-10-25	9.4
2008-10-26	11.5
2008-10-27	8.4
2008-10-28	5.8
2008-10-29	3.7
2008-10-30	3.8
2008-10-31	3.8
2008-11-01	6.3
2008-11-02	7.6
2008-11-03	8.1
2008-11-04	8.9
2008-11-05	9.3
2008-11-06	10.4
2008-11-07	10.4
2008-11-08	7.7
2008-11-09	8.2
2008-11-10	11.7
2008-11-11	12.1
2008-11-12	8.3
2008-11-13	6.4
2008-11-14	8.5
2008-11-15	11.1
2008-11-16	8.2
2008-11-17	3.9
2008-11-18	5.8
2008-11-19	7.9
2008-11-20	7.8
2008-11-21	1.7
2008-11-22	1.0
2008-11-23	1.2
2008-11-24	0.7
2008-11-25	1.5
2008-11-26	4.9
2008-11-27	7.1
2008-11-28	4.7
2008-11-29	1.3
2008-11-30	1.8
2008-12-01	2.1
2008-12-02	4.3
2008-12-03	1.3
2008-12-04	2.6
2008-12-05	5.3
2008-12-06	4.9
2008-12-07	4.6
2008-12-08	4.7
2008-12-09	1.2
2008-12-10	2.0
2008-12-11	1.2
2008-12-12	1.0
2008-12-13	1.8
2008-12-14	4.0
2008-12-15	3.3
2008-12-16	3.3
2008-12-17	2.9
2008-12-18	3.4
2008-12-19	5.2
2008-12-20	6.8
2008-12-21	6.5
2008-12-22	8.2
2008-12-23	6.1
2008-12-24	6.5
2008-12-25	2.6
2008-12-26	-1.3
2008-12-27	0.1
2008-12-28	0.6
2008-12-29	-2.0
2008-12-30	-5.1
2008-12-31	-4.2
2009-01-01	-0.4
2009-01-02	-2.0
2009-01-03	-0.4
2009-01-04	1.7
2009-01-05	-4.1
2009-01-06	-6.9
2009-01-07	-2.3
2009-01-08	-5.7
2009-01-09	0.1
2009-01-10	0.9
2009-01-11	-0.6
2009-01-12	4.8
2009-01-13	4.6
2009-01-14	3.6
2009-01-15	2.8
2009-01-16	1.4
2009-01-17	1.6
2009-01-18	4.3
2009-01-19	3.1
2009-01-20	4.5
2009-01-21	1.2
2009-01-22	2.0
2009-01-23	1.9
2009-01-24	4.1
2009-01-25	2.6
2009-01-26	-0.8
2009-01-27	-1.8
2009-01-28	-2.3
2009-01-29	-2.5
2009-01-30	-1.6
2009-01-31	1.4
2009-02-01	-1.7
2009-02-02	0.8
2009-02-03	2.3
2009-02-04	2.0
2009-02-05	3.2
2009-02-06	5.9
2009-02-07	3.1
2009-02-08	1.3
2009-02-09	1.2
2009-02-10	0.9
2009-02-11	0.4
2009-02-12	-1.9
2009-02-13	-2.5
2009-02-14	-3.6
2009-02-15	0.3
2009-02-16	2.5
2009-02-17	-0.7
2009-02-18	-2.5
2009-02-19	0.5
2009-02-20	2.5
2009-02-21	2.3
2009-02-22	5.4
2009-02-23	4.7
2009-02-24	2.2
2009-02-25	4.7
2009-02-26	6.1
2009-02-27	5.5
2009-02-28	5.6
2009-03-01	7.5
2009-03-02	6.6
2009-03-03	6.3
2009-03-04	6.5
2009-03-05	5.5
2009-03-06	4.3
2009-03-07	3.2
2009-03-08	5.1
2009-03-09	3.9
2009-03-10	4.5
2009-03-11	5.1
2009-03-12	5.3
2009-03-13	6.3
2009-03-14	7.2
2009-03-15	7.3
2009-03-16	7.0
2009-03-17	7.1
2009-03-18	5.3
2009-03-19	4.9
2009-03-20	2.9
2009-03-21	3.9
2009-03-22	6.7
2009-03-23	5.2
2009-03-24	1.7
2009-03-25	1.7
2009-03-26	5.3
2009-03-27	6.6
2009-03-28	5.9
2009-03-29	5.6
2009-03-30	4.9
2009-03-31	7.2
2009-04-01	7.3
2009-04-02	10.1
2009-04-03	12.2
2009-04-04	11.2
2009-04-05	9.4
2009-04-06	11.0
2009-04-07	14.4
2009-04-08	12.1
2009-04-09	12.0
2009-04-10	15.2
2009-04-11	16.0
2009-04-12	14.0
2009-04-13	13.9
2009-04-14	14.7
2009-04-15	13.8
2009-04-16	14.2
2009-04-17	9.4
2009-04-18	10.0
2009-04-19	8.9
2009-04-20	9.9
2009-04-21	11.7
2009-04-22	7.8
2009-04-23	10.2
2009-04-24	12.5
2009-04-25	15.9
2009-04-26	17.1
2009-04-27	14.8
2009-04-28	14.8
2009-04-29	11.5
2009-04-30	14.1
2009-05-01	12.6
2009-05-02	13.2
2009-05-03	11.5
2009-05-04	9.6
2009-05-05	9.8
2009-05-06	10.4
2009-05-07	12.4
2009-05-08	12.6
2009-05-09	12.5
2009-05-10	12.6
2009-05-11	10.8
2009-05-12	10.1
2009-05-13	11.6
2009-05-14	12.4
2009-05-15	12.8
2009-05-16	12.8
2009-05-17	14.1
2009-05-18	15.0
2009-05-19	15.6
2009-05-20	15.0
2009-05-21	14.3
2009-05-22	11.5
2009-05-23	13.1
2009-05-24	15.2
2009-05-25	15.5
2009-05-26	17.8
2009-05-27	13.3
2009-05-28	12.5
2009-05-29	13.5
2009-05-30	14.9
2009-05-31	17.6
2009-06-01	18.5
2009-06-02	15.4
2009-06-03	11.4
2009-06-04	9.9
2009-06-05	9.9
2009-06-06	11.1
2009-06-07	11.3
2009-06-08	12.1
2009-06-09	13.6
2009-06-10	14.0
2009-06-11	11.4
2009-06-12	11.7
2009-06-13	12.3
2009-06-14	14.7
2009-06-15	13.2
2009-06-16	11.4
2009-06-17	14.8
2009-06-18	16.7
2009-06-19	13.7
2009-06-20	13.2
2009-06-21	12.4
2009-06-22	14.7
2009-06-23	16.9
2009-06-24	18.1
2009-06-25	17.1
2009-06-26	17.6
2009-06-27	17.4
2009-06-28	16.5
2009-06-29	18.6
2009-06-30	20.7
2009-07-01	22.5
2009-07-02	23.1
2009-07-03	23.9
2009-07-04	20.5
2009-07-05	19.8
2009-07-06	19.2
2009-07-07	18.0
2009-07-08	15.8
2009-07-09	13.9
2009-07-10	13.7
2009-07-11	14.6
2009-07-12	16.1
2009-07-13	18.9
2009-07-14	19.7
2009-07-15	21.9
2009-07-16	20.3
2009-07-17	20.3
2009-07-18	17.5
2009-07-19	16.1
2009-07-20	16.0
2009-07-21	18.5
2009-07-22	20.4
2009-07-23	18.9
2009-07-24	16.1
2009-07-25	15.1
2009-07-26	16.8
2009-07-27	21.6
2009-07-28	17.1
2009-07-29	20.2
2009-07-30	17.8
2009-07-31	15.8
2009-08-01	18.9
2009-08-02	20.5
2009-08-03	17.7
2009-08-04	16.9
2009-08-05	19.2
2009-08-06	20.9
2009-08-07	23.2
2009-08-08	22.3
2009-08-09	20.4
2009-08-10	18.6
2009-08-11	17.6
2009-08-12	17.4
2009-08-13	16.7
2009-08-14	15.7
2009-08-15	20.6
2009-08-16	19.8
2009-08-17	17.5
2009-08-18	16.6
2009-08-19	20.3
2009-08-20	25.1
2009-08-21	19.1
2009-08-22	16.3
2009-08-23	17.4
2009-08-24	19.7
2009-08-25	19.6
2009-08-26	18.3
2009-08-27	20.6
2009-08-28	17.4
2009-08-29	13.1
2009-08-30	13.5
2009-08-31	17.7
2009-09-01	19.9
2009-09-02	16.8
2009-09-03	15.7
2009-09-04	14.9
2009-09-05	14.7
2009-09-06	14.7
2009-09-07	16.3
2009-09-08	19.2
2009-09-09	19.2
2009-09-10	15.5
2009-09-11	13.9
2009-09-12	13.6
2009-09-13	14.8
2009-09-14	14.9
2009-09-15	16.0
2009-09-16	15.4
2009-09-17	11.7
2009-09-18	12.8
2009-09-19	15.4
2009-09-20	16.7
2009-09-21	13.0
2009-09-22	15.2
2009-09-23	15.8
2009-09-24	14.0
2009-09-25	13.4
2009-09-26	13.6
2009-09-27	13.1
2009-09-28	14.6
2009-09-29	12.8
2009-09-30	10.1
2009-10-01	11.4
2009-10-02	8.5
2009-10-03	11.9
2009-10-04	10.9
2009-10-05	10.0
2009-10-06	12.6
2009-10-07	14.7
2009-10-08	10.9
2009-10-09	7.9
2009-10-10	7.1
2009-10-11	9.6
2009-10-12	8.3
2009-10-13	5.0
2009-10-14	4.1
2009-10-15	4.0
2009-10-16	6.3
2009-10-17	6.1
2009-10-18	4.4
2009-10-19	6.7
2009-10-20	5.7
2009-10-21	6.0
2009-10-22	6.6
2009-10-23	6.9
2009-10-24	8.0
2009-10-25	12.3
2009-10-26	12.0
2009-10-27	10.7
2009-10-28	10.6
2009-10-29	9.8
2009-10-30	6.6
2009-10-31	3.9
2009-11-01	5.1
2009-11-02	8.1
2009-11-03	8.1
2009-11-04	4.0
2009-11-05	7.2
2009-11-06	9.1
2009-11-07	7.7
2009-11-08	6.1
2009-11-09	6.7
2009-11-10	5.8
2009-11-11	6.3
2009-11-12	7.2
2009-11-13	9.7
2009-11-14	12.3
2009-11-15	10.9
2009-11-16	9.6
2009-11-17	10.2
2009-11-18	9.4
2009-11-19	11.1
2009-11-20	12.3
2009-11-21	11.0
2009-11-22	11.3
2009-11-23	9.5
2009-11-24	10.3
2009-11-25	11.8
2009-11-26	9.0
2009-11-27	6.9
2009-11-28	7.3
2009-11-29	8.8
2009-11-30	6.2
2009-12-01	1.5
2009-12-02	-0.6
2009-12-03	4.7
2009-12-04	5.0
2009-12-05	3.6
2009-12-06	7.3
2009-12-07	6.3
2009-12-08	4.2
2009-12-09	5.7
2009-12-10	5.3
2009-12-11	5.0
2009-12-12	2.7
2009-12-13	0.4
2009-12-14	-0.6
2009-12-15	-0.4
2009-12-16	-2.4
2009-12-17	-2.3
2009-12-18	-4.7
2009-12-19	-8.6
2009-12-20	-8.7
2009-12-21	-2.0
2009-12-22	-0.6
2009-12-23	0.0
2009-12-24	-1.3
2009-12-25	1.5
2009-12-26	4.2
2009-12-27	4.0
2009-12-28	3.0
2009-12-29	-2.1
2009-12-30	-1.0
2009-12-31	0.7
2010-01-01	-1.2
2010-01-02	-3.5
2010-01-03	-3.7
2010-01-04	-4.5
2010-01-05	-2.0
2010-01-06	-5.7
2010-01-07	-6.1
2010-01-08	-3.6
2010-01-09	-0.6
2010-01-10	1.1
2010-01-11	-0.3
2010-01-12	-2.7
2010-01-13	-2.2
2010-01-14	-1.0
2010-01-15	-2.1
2010-01-16	-1.2
2010-01-17	-1.9
2010-01-18	-0.4
2010-01-19	0.9
2010-01-20	-0.8
2010-01-21	-6.1
2010-01-22	-5.7
2010-01-23	-7.8
2010-01-24	-9.2
2010-01-25	-8.5
2010-01-26	-10.5
2010-01-27	-4.9
2010-01-28	1.8
2010-01-29	0.1
2010-01-30	-4.1
2010-01-31	-0.3
2010-02-01	-0.6
2010-02-02	-1.3
2010-02-03	1.0
2010-02-04	0.6
2010-02-05	1.8
2010-02-06	-0.9
2010-02-07	-6.1
2010-02-08	-5.1
2010-02-09	-4.2
2010-02-10	-3.4
2010-02-11	-2.5
2010-02-12	-3.1
2010-02-13	-2.6
2010-02-14	-3.1
2010-02-15	-5.1
2010-02-16	-2.4
2010-02-17	-2.9
2010-02-18	0.4
2010-02-19	3.1
2010-02-20	1.5
2010-02-21	-0.1
2010-02-22	2.2
2010-02-23	0.1
2010-02-24	-0.6
2010-02-25	4.4
2010-02-26	5.7
2010-02-27	5.8
2010-02-28	5.1
2010-03-01	2.9
2010-03-02	2.9
2010-03-03	2.3
2010-03-04	-0.1
2010-03-05	-1.1
2010-03-06	-3.0
2010-03-07	-4.7
2010-03-08	-1.3
2010-03-09	-3.9
2010-03-10	-2.6
2010-03-11	0.3
2010-03-12	3.6
2010-03-13	4.2
2010-03-14	3.8
2010-03-15	2.0
2010-03-16	2.5
2010-03-17	7.4
2010-03-18	9.8
2010-03-19	11.2
2010-03-20	12.4
2010-03-21	8.6
2010-03-22	7.8
2010-03-23	8.1
2010-03-24	9.2
2010-03-25	13.6
2010-03-26	11.9
2010-03-27	7.8
2010-03-28	6.8
2010-03-29	7.4
2010-03-30	10.0
2010-03-31	9.2
2010-04-01	5.4
2010-04-02	7.7
2010-04-03	8.9
2010-04-04	9.4
2010-04-05	7.0
2010-04-06	10.2
2010-04-07	12.0
2010-04-08	8.9
2010-04-09	8.7
2010-04-10	8.5
2010-04-11	6.1
2010-04-12	5.6
2010-04-13	7.1
2010-04-14	6.9
2010-04-15	8.2
2010-04-16	7.9
2010-04-17	8.1
2010-04-18	10.0
2010-04-19	6.0
2010-04-20	5.5
2010-04-21	5.3
2010-04-22	5.9
2010-04-23	6.3
2010-04-24	9.6
2010-04-25	14.5
2010-04-26	11.8
2010-04-27	11.4
2010-04-28	13.3
2010-04-29	18.1
2010-04-30	13.4
2010-05-01	10.2
2010-05-02	8.5
2010-05-03	6.8
2010-05-04	6.7
2010-05-05	6.9
2010-05-06	6.5
2010-05-07	6.8
2010-05-08	7.6
2010-05-09	8.1
2010-05-10	6.2
2010-05-11	7.5
2010-05-12	7.9
2010-05-13	8.4
2010-05-14	9.1
2010-05-15	9.2
2010-05-16	10.4
2010-05-17	10.3
2010-05-18	9.0
2010-05-19	12.3
2010-05-20	13.3
2010-05-21	12.4
2010-05-22	13.6
2010-05-23	14.5
2010-05-24	12.5
2010-05-25	9.9
2010-05-26	10.0
2010-05-27	12.0
2010-05-28	12.2
2010-05-29	13.0
2010-05-30	13.4
2010-05-31	12.5
2010-06-01	13.9
2010-06-02	15.3
2010-06-03	15.8
2010-06-04	14.1
2010-06-05	14.2
2010-06-06	18.1
2010-06-07	14.5
2010-06-08	16.9
2010-06-09	19.0
2010-06-10	18.1
2010-06-11	17.8
2010-06-12	13.9
2010-06-13	12.4
2010-06-14	13.7
2010-06-15	12.5
2010-06-16	14.7
2010-06-17	16.4
2010-06-18	12.2
2010-06-19	10.6
2010-06-20	12.3
2010-06-21	13.1
2010-06-22	14.5
2010-06-23	15.9
2010-06-24	18.3
2010-06-25	16.7
2010-06-26	15.6
2010-06-27	18.6
2010-06-28	21.8
2010-06-29	21.9
2010-06-30	18.2
2010-07-01	20.4
2010-07-02	26.6
2010-07-03	27.5
2010-07-04	21.9
2010-07-05	19.3
2010-07-06	15.7
2010-07-07	18.2
2010-07-08	23.8
2010-07-09	25.3
2010-07-10	28.0
2010-07-11	25.3
2010-07-12	25.6
2010-07-13	22.4
2010-07-14	26.4
2010-07-15	21.7
2010-07-16	24.0
2010-07-17	19.5
2010-07-18	17.8
2010-07-19	21.4
2010-07-20	23.7
2010-07-21	25.2
2010-07-22	21.0
2010-07-23	18.4
2010-07-24	16.6
2010-07-25	16.4
2010-07-26	16.4
2010-07-27	17.9
2010-07-28	17.0
2010-07-29	16.9
2010-07-30	16.1
2010-07-31	18.7
2010-08-01	20.8
2010-08-02	18.2
2010-08-03	17.0
2010-08-04	17.8
2010-08-05	16.6
2010-08-06	17.7
2010-08-07	19.3
2010-08-08	19.1
2010-08-09	16.8
2010-08-10	20.8
2010-08-11	18.3
2010-08-12	17.2
2010-08-13	18.5
2010-08-14	17.8
2010-08-15	18.8
2010-08-16	17.6
2010-08-17	17.5
2010-08-18	16.8
2010-08-19	15.8
2010-08-20	18.9
2010-08-21	21.1
2010-08-22	20.4
2010-08-23	18.8
2010-08-24	16.7
2010-08-25	15.3
2010-08-26	14.6
2010-08-27	13.3
2010-08-28	12.8
2010-08-29	12.9
2010-08-30	12.7
2010-08-31	13.3
2010-09-01	14.7
2010-09-02	14.9
2010-09-03	12.5
2010-09-04	13.0
2010-09-05	12.9
2010-09-06	12.6
2010-09-07	13.4
2010-09-08	15.4
2010-09-09	13.7
2010-09-10	15.4
2010-09-11	17.3
2010-09-12	16.6
2010-09-13	14.8
2010-09-14	15.0
2010-09-15	13.7
2010-09-16	11.8
2010-09-17	11.7
2010-09-18	10.5
2010-09-19	11.7
2010-09-20	13.4
2010-09-21	13.0
2010-09-22	13.2
2010-09-23	16.7
2010-09-24	15.6
2010-09-25	12.5
2010-09-26	11.7
2010-09-27	13.5
2010-09-28	10.4
2010-09-29	8.0
2010-09-30	8.4
2010-10-01	9.4
2010-10-02	10.5
2010-10-03	14.1
2010-10-04	13.7
2010-10-05	14.3
2010-10-06	15.5
2010-10-07	15.0
2010-10-08	13.3
2010-10-09	12.1
2010-10-10	8.7
2010-10-11	7.5
2010-10-12	6.5
2010-10-13	8.3
2010-10-14	9.6
2010-10-15	10.0
2010-10-16	6.5
2010-10-17	5.6
2010-10-18	5.5
2010-10-19	8.5
2010-10-20	6.8
2010-10-21	5.8
2010-10-22	8.6
2010-10-23	7.8
2010-10-24	7.4
2010-10-25	5.9
2010-10-26	6.4
2010-10-27	8.1
2010-10-28	9.7
2010-10-29	10.6
2010-10-30	12.0
2010-10-31	8.9
2010-11-01	9.5
2010-11-02	9.7
2010-11-03	11.5
2010-11-04	12.4
2010-11-05	12.7
2010-11-06	7.5
2010-11-07	1.9
2010-11-08	1.7
2010-11-09	4.4
2010-11-10	4.6
2010-11-11	4.7
2010-11-12	9.5
2010-11-13	9.4
2010-11-14	11.2
2010-11-15	7.8
2010-11-16	5.5
2010-11-17	5.6
2010-11-18	5.5
2010-11-19	5.8
2010-11-20	6.0
2010-11-21	5.7
2010-11-22	5.3
2010-11-23	2.2
2010-11-24	-0.1
2010-11-25	-2.3
2010-11-26	-1.4
2010-11-27	-4.3
2010-11-28	-4.6
2010-11-29	-0.8
2010-11-30	-3.1
2010-12-01	-6.9
2010-12-02	-4.5
2010-12-03	-3.5
2010-12-04	-3.1
2010-12-05	1.1
2010-12-06	0.6
2010-12-07	-2.2
2010-12-08	-3.2
2010-12-09	-0.4
2010-12-10	-1.2
2010-12-11	5.9
2010-12-12	0.2
2010-12-13	-3.5
2010-12-14	-3.4
2010-12-15	-5.5
2010-12-16	-2.6
2010-12-17	-4.7
2010-12-18	-5.4
2010-12-19	-8.8
2010-12-20	-5.6
2010-12-21	-6.7
2010-12-22	-4.1
2010-12-23	-0.9
2010-12-24	-2.5
2010-12-25	-8.2
2010-12-26	-5.5
2010-12-27	-3.1
2010-12-28	-6.6
2010-12-29	-7.9
2010-12-30	-6.4
2010-12-31	2.2
2011-01-01	2.7
2011-01-02	0.9
2011-01-03	-0.8
2011-01-04	0.8
2011-01-05	-2.3
2011-01-06	1.6
2011-01-07	2.2
2011-01-08	7.8
2011-01-09	4.1
2011-01-10	1.6
2011-01-11	0.3
2011-01-12	3.4
2011-01-13	5.5
2011-01-14	9.6
2011-01-15	8.1
2011-01-16	9.3
2011-01-17	8.3
2011-01-18	5.1
2011-01-19	3.2
2011-01-20	-0.1
2011-01-21	-0.5
2011-01-22	1.1
2011-01-23	1.6
2011-01-24	2.5
2011-01-25	3.4
2011-01-26	0.6
2011-01-27	-2.6
2011-01-28	-3.6
2011-01-29	-4.8
2011-01-30	-1.8
2011-01-31	-1.7
2011-02-01	-2.2
2011-02-02	1.8
2011-02-03	4.4
2011-02-04	7.3
2011-02-05	8.9
2011-02-06	8.5
2011-02-07	8.6
2011-02-08	5.8
2011-02-09	4.0
2011-02-10	5.1
2011-02-11	4.1
2011-02-12	-0.3
2011-02-13	-0.2
2011-02-14	0.5
2011-02-15	-1.1
2011-02-16	0.6
2011-02-17	-0.8
2011-02-18	-0.5
2011-02-19	-1.1
2011-02-20	-3.0
2011-02-21	-4.8
2011-02-22	-6.0
2011-02-23	-4.9
2011-02-24	-1.3
2011-02-25	0.5
2011-02-26	2.6
2011-02-27	0.5
2011-02-28	1.4
2011-03-01	0.0
2011-03-02	-1.0
2011-03-03	-1.5
2011-03-04	-2.6
2011-03-05	3.1
2011-03-06	-0.1
2011-03-07	0.5
2011-03-08	2.9
2011-03-09	4.4
2011-03-10	5.7
2011-03-11	5.4
2011-03-12	6.8
2011-03-13	10.3
2011-03-14	9.6
2011-03-15	4.4
2011-03-16	2.4
2011-03-17	2.7
2011-03-18	3.8
2011-03-19	3.5
2011-03-20	4.8
2011-03-21	6.9
2011-03-22	9.0
2011-03-23	6.5
2011-03-24	8.6
2011-03-25	7.2
2011-03-26	3.5
2011-03-27	3.1
2011-03-28	3.5
2011-03-29	4.4
2011-03-30	8.1
2011-03-31	11.1
2011-04-01	11.9
2011-04-02	16.0
2011-04-03	11.7
2011-04-04	9.0
2011-04-05	9.2
2011-04-06	12.2
2011-04-07	11.0
2011-04-08	8.8
2011-04-09	8.7
2011-04-10	8.7
2011-04-11	12.2
2011-04-12	8.1
2011-04-13	7.9
2011-04-14	6.9
2011-04-15	8.3
2011-04-16	9.9
2011-04-17	11.6
2011-04-18	11.3
2011-04-19	14.4
2011-04-20	15.5
2011-04-21	15.6
2011-04-22	15.6
2011-04-23	16.5
2011-04-24	14.8
2011-04-25	13.6
2011-04-26	14.3
2011-04-27	14.1
2011-04-28	11.7
2011-04-29	12.2
2011-04-30	11.1
2011-05-01	9.2
2011-05-02	6.4
2011-05-03	6.3
2011-05-04	7.3
2011-05-05	8.9
2011-05-06	14.8
2011-05-07	18.1
2011-05-08	17.6
2011-05-09	19.7
2011-05-10	18.8
2011-05-11	15.3
2011-05-12	13.5
2011-05-13	12.0
2011-05-14	11.2
2011-05-15	10.7
2011-05-16	10.8
2011-05-17	13.1
2011-05-18	15.7
2011-05-19	14.1
2011-05-20	13.6
2011-05-21	16.3
2011-05-22	17.1
2011-05-23	16.0
2011-05-24	13.0
2011-05-25	13.0
2011-05-26	16.5
2011-05-27	13.0
2011-05-28	12.7
2011-05-29	14.6
2011-05-30	21.3
2011-05-31	15.9
2011-06-01	13.2
2011-06-02	14.9
2011-06-03	18.9
2011-06-04	19.3
2011-06-05	21.7
2011-06-06	21.9
2011-06-07	16.9
2011-06-08	15.1
2011-06-09	14.5
2011-06-10	14.7
2011-06-11	14.9
2011-06-12	14.2
2011-06-13	18.6
2011-06-14	16.8
2011-06-15	16.3
2011-06-16	18.1
2011-06-17	15.4
2011-06-18	15.0
2011-06-19	13.0
2011-06-20	14.1
2011-06-21	15.6
2011-06-22	16.5
2011-06-23	14.2
2011-06-24	13.8
2011-06-25	13.6
2011-06-26	17.6
2011-06-27	21.6
2011-06-28	23.4
2011-06-29	20.8
2011-06-30	14.7
2011-07-01	14.3
2011-07-02	13.5
2011-07-03	14.9
2011-07-04	15.4
2011-07-05	16.8
2011-07-06	19.6
2011-07-07	18.7
2011-07-08	18.6
2011-07-09	18.5
2011-07-10	18.6
2011-07-11	18.7
2011-07-12	17.7
2011-07-13	18.9
2011-07-14	16.1
2011-07-15	14.5
2011-07-16	19.1
2011-07-17	17.7
2011-07-18	17.2
2011-07-19	18.1
2011-07-20	19.3
2011-07-21	16.7
2011-07-22	14.4
2011-07-23	13.9
2011-07-24	12.9
2011-07-25	15.0
2011-07-26	17.4
2011-07-27	19.1
2011-07-28	17.3
2011-07-29	16.3
2011-07-30	16.4
2011-07-31	16.1
2011-08-01	16.8
2011-08-02	20.5
2011-08-03	21.7
2011-08-04	20.2
2011-08-05	19.2
2011-08-06	19.0
2011-08-07	17.8
2011-08-08	14.6
2011-08-09	14.5
2011-08-10	13.6
2011-08-11	15.8
2011-08-12	16.9
2011-08-13	17.4
2011-08-14	17.7
2011-08-15	15.7
2011-08-16	15.0
2011-08-17	17.4
2011-08-18	15.8
2011-08-19	15.9
2011-08-20	16.7
2011-08-21	20.9
2011-08-22	18.6
2011-08-23	18.4
2011-08-24	21.2
2011-08-25	20.3
2011-08-26	22.4
2011-08-27	16.3
2011-08-28	13.9
2011-08-29	13.0
2011-08-30	13.0
2011-08-31	13.2
2011-09-01	12.2
2011-09-02	14.4
2011-09-03	20.1
2011-09-04	20.8
2011-09-05	16.7
2011-09-06	15.4
2011-09-07	13.9
2011-09-08	13.1
2011-09-09	15.1
2011-09-10	19.7
2011-09-11	19.4
2011-09-12	17.6
2011-09-13	16.1
2011-09-14	13.9
2011-09-15	13.2
2011-09-16	12.7
2011-09-17	14.7
2011-09-18	13.3
2011-09-19	12.2
2011-09-20	14.4
2011-09-21	15.8
2011-09-22	13.8
2011-09-23	11.9
2011-09-24	13.5
2011-09-25	14.8
2011-09-26	17.5
2011-09-27	14.4
2011-09-28	14.9
2011-09-29	16.3
2011-09-30	17.2
2011-10-01	17.1
2011-10-02	16.2
2011-10-03	17.5
2011-10-04	16.0
2011-10-05	15.2
2011-10-06	13.5
2011-10-07	9.1
2011-10-08	8.6
2011-10-09	7.3
2011-10-10	13.9
2011-10-11	12.3
2011-10-12	9.7
2011-10-13	7.3
2011-10-14	5.1
2011-10-15	5.6
2011-10-16	7.3
2011-10-17	8.4
2011-10-18	9.6
2011-10-19	8.6
2011-10-20	6.4
2011-10-21	6.6
2011-10-22	6.3
2011-10-23	6.1
2011-10-24	7.2
2011-10-25	9.1
2011-10-26	9.2
2011-10-27	8.4
2011-10-28	11.3
2011-10-29	12.2
2011-10-30	13.1
2011-10-31	13.6
2011-11-01	10.5
2011-11-02	9.8
2011-11-03	10.7
2011-11-04	8.9
2011-11-05	8.5
2011-11-06	7.2
2011-11-07	9.1
2011-11-08	8.5
2011-11-09	5.5
2011-11-10	5.2
2011-11-11	2.1
2011-11-12	1.1
2011-11-13	0.4
2011-11-14	0.1
2011-11-15	2.4
2011-11-16	1.8
2011-11-17	0.7
2011-11-18	6.0
2011-11-19	7.1
2011-11-20	4.2
2011-11-21	2.3
2011-11-22	2.0
2011-11-23	3.1
2011-11-24	8.1
2011-11-25	7.5
2011-11-26	8.0
2011-11-27	9.9
2011-11-28	6.1
2011-11-29	4.5
2011-11-30	7.2
2011-12-01	7.8
2011-12-02	6.0
2011-12-03	6.1
2011-12-04	5.5
2011-12-05	2.3
2011-12-06	1.8
2011-12-07	3.3
2011-12-08	5.2
2011-12-09	4.8
2011-12-10	1.7
2011-12-11	3.2
2011-12-12	4.3
2011-12-13	6.2
2011-12-14	5.1
2011-12-15	5.2
2011-12-16	3.5
2011-12-17	3.9
2011-12-18	2.2
2011-12-19	2.1
2011-12-20	1.8
2011-12-21	2.6
2011-12-22	4.7
2011-12-23	8.8
2011-12-24	5.6
2011-12-25	7.4
2011-12-26	10.7
2011-12-27	9.0
2011-12-28	7.2
2011-12-29	5.5
2011-12-30	4.3
2011-12-31	2.9
2012-01-01	9.5
2012-01-02	7.9
2012-01-03	5.8
2012-01-04	5.4
2012-01-05	6.0
2012-01-06	3.8
2012-01-07	5.9
2012-01-08	6.2
2012-01-09	5.5
2012-01-10	5.7
2012-01-11	7.9
2012-01-12	7.4
2012-01-13	4.0
2012-01-14	1.9
2012-01-15	-1.4
2012-01-16	1.9
2012-01-17	3.1
2012-01-18	1.4
2012-01-19	4.7
2012-01-20	2.6
2012-01-21	3.6
2012-01-22	4.5
2012-01-23	1.8
2012-01-24	2.2
2012-01-25	-1.5
2012-01-26	-1.0
2012-01-27	-1.0
2012-01-28	-1.7
2012-01-29	-4.0
2012-01-30	-5.1
2012-01-31	-6.6
2012-02-01	-5.6
2012-02-02	-7.9
2012-02-03	-7.6
2012-02-04	-10.2
2012-02-05	-10.1
2012-02-06	-12.1
2012-02-07	-7.3
2012-02-08	-2.1
2012-02-09	-2.7
2012-02-10	-4.4
2012-02-11	-3.7
2012-02-12	-3.0
2012-02-13	-0.7
2012-02-14	2.2
2012-02-15	3.5
2012-02-16	0.9
2012-02-17	4.6
2012-02-18	5.6
2012-02-19	2.7
2012-02-20	1.7
2012-02-21	3.7
2012-02-22	5.9
2012-02-23	8.6
2012-02-24	9.0
2012-02-25	5.4
2012-02-26	4.2
2012-02-27	3.6
2012-02-28	7.9
2012-02-29	8.0
2012-03-01	7.7
2012-03-02	4.9
2012-03-03	5.7
2012-03-04	5.8
2012-03-05	5.1
2012-03-06	3.5
2012-03-07	3.6
2012-03-08	5.1
2012-03-09	6.3
2012-03-10	8.3
2012-03-11	7.5
2012-03-12	7.5
2012-03-13	7.9
2012-03-14	7.6
2012-03-15	7.0
2012-03-16	7.9
2012-03-17	7.6
2012-03-18	8.2
2012-03-19	6.4
2012-03-20	8.1
2012-03-21	10.3
2012-03-22	8.2
2012-03-23	9.8
2012-03-24	7.7
2012-03-25	8.3
2012-03-26	5.6
2012-03-27	9.7
2012-03-28	10.1
2012-03-29	7.8
2012-03-30	7.5
2012-03-31	5.2
2012-04-01	4.4
2012-04-02	4.7
2012-04-03	2.3
2012-04-04	3.6
2012-04-05	4.4
2012-04-06	3.7
2012-04-07	2.9
2012-04-08	3.0
2012-04-09	6.4
2012-04-10	10.4
2012-04-11	9.0
2012-04-12	7.4
2012-04-13	6.8
2012-04-14	7.9
2012-04-15	7.1
2012-04-16	4.4
2012-04-17	6.1
2012-04-18	8.8
2012-04-19	10.9
2012-04-20	10.5
2012-04-21	9.1
2012-04-22	6.7
2012-04-23	8.2
2012-04-24	8.9
2012-04-25	11.0
2012-04-26	13.3
2012-04-27	13.9
2012-04-28	12.3
2012-04-29	12.2
2012-04-30	14.5
2012-05-01	13.2
2012-05-02	12.9
2012-05-03	13.4
2012-05-04	12.0
2012-05-05	9.2
2012-05-06	7.7
2012-05-07	6.2
2012-05-08	12.5
2012-05-09	16.7
2012-05-10	17.5
2012-05-11	16.6
2012-05-12	8.2
2012-05-13	8.8
2012-05-14	11.5
2012-05-15	9.7
2012-05-16	7.7
2012-05-17	7.8
2012-05-18	13.2
2012-05-19	16.5
2012-05-20	18.4
2012-05-21	19.4
2012-05-22	20.3
2012-05-23	17.8
2012-05-24	17.1
2012-05-25	16.8
2012-05-26	17.7
2012-05-27	17.6
2012-05-28	17.9
2012-05-29	14.6
2012-05-30	11.7
2012-05-31	12.4
2012-06-01	10.6
2012-06-02	9.6
2012-06-03	9.7
2012-06-04	10.0
2012-06-05	10.4
2012-06-06	10.6
2012-06-07	16.1
2012-06-08	16.8
2012-06-09	13.6
2012-06-10	13.6
2012-06-11	14.0
2012-06-12	14.1
2012-06-13	12.6
2012-06-14	12.0
2012-06-15	15.1
2012-06-16	16.6
2012-06-17	15.9
2012-06-18	16.5
2012-06-19	15.5
2012-06-20	17.4
2012-06-21	18.1
2012-06-22	17.5
2012-06-23	16.1
2012-06-24	13.7
2012-06-25	13.2
2012-06-26	13.0
2012-06-27	13.4
2012-06-28	18.6
2012-06-29	21.7
2012-06-30	20.6
2012-07-01	17.7
2012-07-02	16.6
2012-07-03	17.8
2012-07-04	19.2
2012-07-05	18.7
2012-07-06	19.6
2012-07-07	18.7
2012-07-08	19.6
2012-07-09	16.9
2012-07-10	18.0
2012-07-11	16.4
2012-07-12	14.1
2012-07-13	14.8
2012-07-14	15.6
2012-07-15	14.5
2012-07-16	14.5
2012-07-17	16.0
2012-07-18	15.8
2012-07-19	14.4
2012-07-20	13.9
2012-07-21	14.1
2012-07-22	14.9
2012-07-23	19.1
2012-07-24	21.9
2012-07-25	22.7
2012-07-26	20.6
2012-07-27	22.7
2012-07-28	18.9
2012-07-29	15.1
2012-07-30	14.0
2012-07-31	15.0
2012-08-01	19.8
2012-08-02	20.6
2012-08-03	17.8
2012-08-04	17.2
2012-08-05	18.9
2012-08-06	17.7
2012-08-07	16.1
2012-08-08	16.1
2012-08-09	15.4
2012-08-10	15.1
2012-08-11	16.2
2012-08-12	16.4
2012-08-13	17.0
2012-08-14	17.7
2012-08-15	18.0
2012-08-16	17.1
2012-08-17	19.8
2012-08-18	23.3
2012-08-19	26.3
2012-08-20	23.3
2012-08-21	19.5
2012-08-22	17.8
2012-08-23	16.0
2012-08-24	14.8
2012-08-25	17.4
2012-08-26	16.6
2012-08-27	16.3
2012-08-28	17.3
2012-08-29	18.5
2012-08-30	17.4
2012-08-31	14.5
2012-09-01	13.3
2012-09-02	15.2
2012-09-03	16.3
2012-09-04	16.9
2012-09-05	15.4
2012-09-06	13.7
2012-09-07	15.4
2012-09-08	16.6
2012-09-09	19.0
2012-09-10	19.9
2012-09-11	16.4
2012-09-12	11.6
2012-09-13	11.5
2012-09-14	12.5
2012-09-15	14.1
2012-09-16	15.4
2012-09-17	15.8
2012-09-18	14.1
2012-09-19	9.8
2012-09-20	10.1
2012-09-21	12.3
2012-09-22	9.9
2012-09-23	10.3
2012-09-24	11.2
2012-09-25	12.7
2012-09-26	12.0
2012-09-27	12.5
2012-09-28	12.4
2012-09-29	12.3
2012-09-30	11.8
2012-10-01	12.2
2012-10-02	14.2
2012-10-03	13.6
2012-10-04	10.1
2012-10-05	10.8
2012-10-06	9.7
2012-10-07	9.4
2012-10-08	9.5
2012-10-09	8.4
2012-10-10	8.8
2012-10-11	8.6
2012-10-12	8.2
2012-10-13	9.9
2012-10-14	8.6
2012-10-15	8.3
2012-10-16	9.3
2012-10-17	11.1
2012-10-18	15.2
2012-10-19	15.7
2012-10-20	15.0
2012-10-21	14.6
2012-10-22	13.3
2012-10-23	12.1
2012-10-24	11.0
2012-10-25	8.7
2012-10-26	1.5
2012-10-27	0.8
2012-10-28	2.3
2012-10-29	3.8
2012-10-30	5.8
2012-10-31	6.3
2012-11-01	5.8
2012-11-02	7.2
2012-11-03	6.5
2012-11-04	6.7
2012-11-05	6.6
2012-11-06	6.0
2012-11-07	9.5
2012-11-08	9.2
2012-11-09	9.0
2012-11-10	8.3
2012-11-11	8.8
2012-11-12	6.3
2012-11-13	6.4
2012-11-14	7.9
2012-11-15	4.2
2012-11-16	-0.6
2012-11-17	0.8
2012-11-18	5.5
2012-11-19	4.8
2012-11-20	6.5
2012-11-21	5.3
2012-11-22	8.1
2012-11-23	5.6
2012-11-24	3.4
2012-11-25	8.1
2012-11-26	7.8
2012-11-27	7.2
2012-11-28	4.6
2012-11-29	3.0
2012-11-30	0.5
2012-12-01	3.0
2012-12-02	1.5
2012-12-03	0.0
2012-12-04	3.0
2012-12-05	-2.8
2012-12-06	-3.7
2012-12-07	-3.6
2012-12-08	-6.3
2012-12-09	0.9
2012-12-10	0.7
2012-12-11	-3.9
2012-12-12	-4.9
2012-12-13	-2.1
2012-12-14	-2.5
2012-12-15	4.1
2012-12-16	5.6
2012-12-17	5.0
2012-12-18	3.6
2012-12-19	2.9
2012-12-20	1.9
2012-12-21	-0.9
2012-12-22	-2.6
2012-12-23	1.4
2012-12-24	7.3
2012-12-25	7.6
2012-12-26	6.8
2012-12-27	5.6
2012-12-28	-0.9
2012-12-29	8.7
2012-12-30	7.1
2012-12-31	8.6
2013-01-01	7.1
2013-01-02	5.6
2013-01-03	8.0
2013-01-04	8.0
2013-01-05	7.1
2013-01-06	6.9
2013-01-07	6.0
2013-01-08	7.1
2013-01-09	6.9
2013-01-10	2.7
2013-01-11	-0.6
2013-01-12	-2.0
2013-01-13	-1.9
2013-01-14	-4.0
2013-01-15	-5.8
2013-01-16	-5.4
2013-01-17	-1.7
2013-01-18	-1.2
2013-01-19	-4.7
2013-01-20	-3.7
2013-01-21	-2.7
2013-01-22	-4.9
2013-01-23	-4.1
2013-01-24	-1.9
2013-01-25	-3.2
2013-01-26	-5.0
2013-01-27	1.7
2013-01-28	3.1
2013-01-29	6.5
2013-01-30	9.0
2013-01-31	6.6
2013-02-01	5.1
2013-02-02	2.1
2013-02-03	2.1
2013-02-04	5.2
2013-02-05	2.0
2013-02-06	1.1
2013-02-07	0.3
2013-02-08	-0.5
2013-02-09	-1.0
2013-02-10	-2.7
2013-02-11	-2.3
2013-02-12	-0.6
2013-02-13	-1.5
2013-02-14	-1.7
2013-02-15	-0.2
2013-02-16	1.4
2013-02-17	2.1
2013-02-18	1.8
2013-02-19	0.7
2013-02-20	-0.4
2013-02-21	-0.8
2013-02-22	-1.8
2013-02-23	-0.7
2013-02-24	0.8
2013-02-25	1.9
2013-02-26	1.5
2013-02-27	2.0
2013-02-28	0.2
2013-03-01	2.5
2013-03-02	0.5
2013-03-03	3.1
2013-03-04	1.7
2013-03-05	6.1
2013-03-06	5.0
2013-03-07	3.9
2013-03-08	2.2
2013-03-09	0.4
2013-03-10	-2.1
2013-03-11	-3.9
2013-03-12	-5.6
2013-03-13	-4.9
2013-03-14	-2.5
2013-03-15	-3.8
2013-03-16	0.2
2013-03-17	1.0
2013-03-18	-1.0
2013-03-19	-0.9
2013-03-20	-0.8
2013-03-21	-1.1
2013-03-22	-2.1
2013-03-23	-4.6
2013-03-24	-3.0
2013-03-25	-2.0
2013-03-26	-1.4
2013-03-27	-1.1
2013-03-28	-0.5
2013-03-29	-0.1
2013-03-30	0.5
2013-03-31	0.6
2013-04-01	0.1
2013-04-02	0.7
2013-04-03	1.0
2013-04-04	1.6
2013-04-05	1.0
2013-04-06	3.4
2013-04-07	2.4
2013-04-08	2.5
2013-04-09	5.1
2013-04-10	5.2
2013-04-11	7.2
2013-04-12	8.5
2013-04-13	6.7
2013-04-14	11.5
2013-04-15	15.4
2013-04-16	13.9
2013-04-17	14.1
2013-04-18	15.4
2013-04-19	8.7
2013-04-20	6.5
2013-04-21	9.6
2013-04-22	10.9
2013-04-23	10.1
2013-04-24	12.8
2013-04-25	14.1
2013-04-26	9.3
2013-04-27	6.3
2013-04-28	6.8
2013-04-29	8.4
2013-04-30	8.3
2013-05-01	8.6
2013-05-02	10.4
2013-05-03	12.3
2013-05-04	13.2
2013-05-05	13.1
2013-05-06	15.2
2013-05-07	14.4
2013-05-08	16.3
2013-05-09	14.8
2013-05-10	13.4
2013-05-11	12.2
2013-05-12	10.1
2013-05-13	9.4
2013-05-14	11.2
2013-05-15	15.7
2013-05-16	16.2
2013-05-17	20.0
2013-05-18	11.1
2013-05-19	10.9
2013-05-20	13.2
2013-05-21	12.2
2013-05-22	8.5
2013-05-23	7.4
2013-05-24	7.7
2013-05-25	8.8
2013-05-26	12.2
2013-05-27	12.5
2013-05-28	13.1
2013-05-29	13.3
2013-05-30	15.0
2013-05-31	17.8
2013-06-01	14.2
2013-06-02	11.8
2013-06-03	12.3
2013-06-04	14.1
2013-06-05	15.0
2013-06-06	16.7
2013-06-07	16.8
2013-06-08	14.3
2013-06-09	12.8
2013-06-10	14.2
2013-06-11	14.0
2013-06-12	18.0
2013-06-13	17.5
2013-06-14	14.2
2013-06-15	15.1
2013-06-16	14.2
2013-06-17	16.5
2013-06-18	19.1
2013-06-19	23.4
2013-06-20	21.6
2013-06-21	18.4
2013-06-22	17.7
2013-06-23	15.8
2013-06-24	14.4
2013-06-25	13.1
2013-06-26	12.3
2013-06-27	11.9
2013-06-28	12.2
2013-06-29	13.3
2013-06-30	12.5
2013-07-01	16.1
2013-07-02	15.9
2013-07-03	18.9
2013-07-04	18.1
2013-07-05	17.9
2013-07-06	16.1
2013-07-07	18.2
2013-07-08	18.6
2013-07-09	18.5
2013-07-10	16.2
2013-07-11	15.9
2013-07-12	15.9
2013-07-13	15.6
2013-07-14	15.2
2013-07-15	16.4
2013-07-16	17.7
2013-07-17	18.3
2013-07-18	19.6
2013-07-19	18.9
2013-07-20	19.9
2013-07-21	22.0
2013-07-22	23.6
2013-07-23	23.0
2013-07-24	22.1
2013-07-25	21.5
2013-07-26	23.1
2013-07-27	22.8
2013-07-28	22.6
2013-07-29	20.6
2013-07-30	17.9
2013-07-31	19.0
2013-08-01	21.6
2013-08-02	27.2
2013-08-03	22.3
2013-08-04	19.6
2013-08-05	22.8
2013-08-06	21.3
2013-08-07	18.4
2013-08-08	17.4
2013-08-09	16.8
2013-08-10	17.0
2013-08-11	15.7
2013-08-12	15.9
2013-08-13	14.0
2013-08-14	14.1
2013-08-15	16.0
2013-08-16	20.8
2013-08-17	19.1
2013-08-18	18.3
2013-08-19	14.8
2013-08-20	15.0
2013-08-21	16.0
2013-08-22	18.6
2013-08-23	18.6
2013-08-24	18.5
2013-08-25	18.8
2013-08-26	17.2
2013-08-27	17.0
2013-08-28	16.9
2013-08-29	16.0
2013-08-30	17.0
2013-08-31	16.0
2013-09-01	13.9
2013-09-02	15.1
2013-09-03	17.5
2013-09-04	17.0
2013-09-05	19.1
2013-09-06	21.4
2013-09-07	20.3
2013-09-08	16.5
2013-09-09	12.6
2013-09-10	11.2
2013-09-11	11.3
2013-09-12	13.3
2013-09-13	14.5
2013-09-14	14.5
2013-09-15	13.6
2013-09-16	11.7
2013-09-17	10.5
2013-09-18	10.7
2013-09-19	11.4
2013-09-20	12.6
2013-09-21	13.2
2013-09-22	15.3
2013-09-23	16.3
2013-09-24	14.0
2013-09-25	10.0
2013-09-26	9.2
2013-09-27	9.1
2013-09-28	9.0
2013-09-29	9.8
2013-09-30	9.2
2013-10-01	8.6
2013-10-02	8.9
2013-10-03	8.2
2013-10-04	8.9
2013-10-05	12.4
2013-10-06	12.8
2013-10-07	11.5
2013-10-08	12.3
2013-10-09	13.3
2013-10-10	9.6
2013-10-11	13.1
2013-10-12	12.6
2013-10-13	8.9
2013-10-14	8.9
2013-10-15	9.5
2013-10-16	10.5
2013-10-17	11.4
2013-10-18	8.7
2013-10-19	8.4
2013-10-20	15.3
2013-10-21	13.9
2013-10-22	15.7
2013-10-23	16.5
2013-10-24	11.4
2013-10-25	10.7
2013-10-26	15.7
2013-10-27	14.6
2013-10-28	13.8
2013-10-29	10.4
2013-10-30	8.2
2013-10-31	9.3
2013-11-01	10.4
2013-11-02	9.0
2013-11-03	9.3
2013-11-04	7.1
2013-11-05	7.4
2013-11-06	7.1
2013-11-07	9.0
2013-11-08	8.0
2013-11-09	8.5
2013-11-10	6.1
2013-11-11	5.1
2013-11-12	6.8
2013-11-13	6.6
2013-11-14	6.2
2013-11-15	6.0
2013-11-16	7.4
2013-11-17	7.9
2013-11-18	6.2
2013-11-19	5.3
2013-11-20	2.0
2013-11-21	0.2
2013-11-22	4.2
2013-11-23	4.0
2013-11-24	2.9
2013-11-25	-1.0
2013-11-26	-1.5
2013-11-27	4.6
2013-11-28	7.9
2013-11-29	5.7
2013-11-30	5.2
2013-12-01	6.4
2013-12-02	0.4
2013-12-03	0.5
2013-12-04	3.9
2013-12-05	3.5
2013-12-06	2.3
2013-12-07	1.2
2013-12-08	6.1
2013-12-09	9.0
2013-12-10	7.3
2013-12-11	4.2
2013-12-12	2.5
2013-12-13	2.4
2013-12-14	2.8
2013-12-15	6.7
2013-12-16	8.7
2013-12-17	6.6
2013-12-18	6.2
2013-12-19	6.6
2013-12-20	4.1
2013-12-21	6.7
2013-12-22	7.5
2013-12-23	6.6
2013-12-24	12.0
2013-12-25	7.9
2013-12-26	3.3
2013-12-27	6.6
2013-12-28	6.8
2013-12-29	5.6
2013-12-30	4.3
2013-12-31	4.5
2014-01-01	3.5
2014-01-02	6.0
2014-01-03	6.7
2014-01-04	6.0
2014-01-05	4.6
2014-01-06	6.7
2014-01-07	10.1
2014-01-08	8.7
2014-01-09	8.3
2014-01-10	6.2
2014-01-11	5.0
2014-01-12	3.7
2014-01-13	3.5
2014-01-14	3.0
2014-01-15	3.0
2014-01-16	3.4
2014-01-17	6.5
2014-01-18	5.8
2014-01-19	2.7
2014-01-20	-1.0
2014-01-21	-1.6
2014-01-22	-3.0
2014-01-23	-3.7
2014-01-24	-6.0
2014-01-25	-10.0
2014-01-26	-10.3
2014-01-27	-1.6
2014-01-28	-1.1
2014-01-29	-4.8
2014-01-30	-4.7
2014-01-31	-3.7
2014-02-01	1.7
2014-02-02	3.2
2014-02-03	0.9
2014-02-04	2.1
2014-02-05	1.6
2014-02-06	6.6
2014-02-07	7.0
2014-02-08	5.9
2014-02-09	6.3
2014-02-10	4.7
2014-02-11	4.7
2014-02-12	5.4
2014-02-13	6.0
2014-02-14	4.2
2014-02-15	9.4
2014-02-16	6.0
2014-02-17	3.7
2014-02-18	4.4
2014-02-19	5.9
2014-02-20	7.8
2014-02-21	7.1
2014-02-22	5.2
2014-02-23	6.1
2014-02-24	6.3
2014-02-25	8.0
2014-02-26	7.3
2014-02-27	5.3
2014-02-28	4.2
2014-03-01	3.7
2014-03-02	5.0
2014-03-03	6.1
2014-03-04	5.8
2014-03-05	5.7
2014-03-06	5.5
2014-03-07	8.3
2014-03-08	6.9
2014-03-09	11.3
2014-03-10	11.1
2014-03-11	7.2
2014-03-12	6.3
2014-03-13	7.9
2014-03-14	6.0
2014-03-15	7.8
2014-03-16	8.6
2014-03-17	8.9
2014-03-18	8.5
2014-03-19	9.2
2014-03-20	13.0
2014-03-21	8.2
2014-03-22	5.8
2014-03-23	5.6
2014-03-24	4.2
2014-03-25	5.3
2014-03-26	6.4
2014-03-27	4.7
2014-03-28	5.3
2014-03-29	9.1
2014-03-30	10.6
2014-03-31	9.1
2014-04-01	6.8
2014-04-02	10.9
2014-04-03	8.5
2014-04-04	6.1
2014-04-05	8.2
2014-04-06	11.6
2014-04-07	15.4
2014-04-08	10.3
2014-04-09	8.4
2014-04-10	9.1
2014-04-11	9.4
2014-04-12	8.2
2014-04-13	9.6
2014-04-14	7.1
2014-04-15	7.0
2014-04-16	6.9
2014-04-17	10.2
2014-04-18	6.8
2014-04-19	9.9
2014-04-20	13.1
2014-04-21	11.8
2014-04-22	13.2
2014-04-23	12.4
2014-04-24	9.5
2014-04-25	14.1
2014-04-26	15.1
2014-04-27	15.3
2014-04-28	13.5
2014-04-29	14.2
2014-04-30	14.7
2014-05-01	10.5
2014-05-02	8.0
2014-05-03	7.5
2014-05-04	7.9
2014-05-05	9.7
2014-05-06	13.3
2014-05-07	11.6
2014-05-08	10.6
2014-05-09	10.9
2014-05-10	11.3
2014-05-11	10.7
2014-05-12	10.2
2014-05-13	9.7
2014-05-14	9.3
2014-05-15	10.8
2014-05-16	11.3
2014-05-17	12.8
2014-05-18	13.1
2014-05-19	14.0
2014-05-20	18.7
2014-05-21	22.5
2014-05-22	22.8
2014-05-23	15.4
2014-05-24	15.6
2014-05-25	16.6
2014-05-26	17.4
2014-05-27	13.7
2014-05-28	10.4
2014-05-29	10.1
2014-05-30	12.6
2014-05-31	12.7
2014-06-01	11.2
2014-06-02	14.4
2014-06-03	16.6
2014-06-04	18.4
2014-06-05	14.8
2014-06-06	16.7
2014-06-07	18.9
2014-06-08	19.6
2014-06-09	18.9
2014-06-10	23.1
2014-06-11	19.0
2014-06-12	15.7
2014-06-13	15.3
2014-06-14	15.5
2014-06-15	15.7
2014-06-16	14.1
2014-06-17	17.7
2014-06-18	15.1
2014-06-19	14.3
2014-06-20	14.1
2014-06-21	13.8
2014-06-22	13.4
2014-06-23	13.7
2014-06-24	13.7
2014-06-25	14.6
2014-06-26	15.0
2014-06-27	16.3
2014-06-28	16.9
2014-06-29	15.3
2014-06-30	14.5
2014-07-01	13.3
2014-07-02	14.6
2014-07-03	17.1
2014-07-04	22.1
2014-07-05	21.7
2014-07-06	23.3
2014-07-07	19.8
2014-07-08	18.0
2014-07-09	22.4
2014-07-10	22.3
2014-07-11	20.3
2014-07-12	18.1
2014-07-13	16.7
2014-07-14	18.5
2014-07-15	19.3
2014-07-16	18.8
2014-07-17	20.1
2014-07-18	23.4
2014-07-19	25.2
2014-07-20	23.8
2014-07-21	22.3
2014-07-22	22.0
2014-07-23	21.8
2014-07-24	20.3
2014-07-25	21.0
2014-07-26	21.1
2014-07-27	21.4
2014-07-28	22.0
2014-07-29	23.4
2014-07-30	20.1
2014-07-31	19.3
2014-08-01	22.7
2014-08-02	23.4
2014-08-03	22.3
2014-08-04	19.6
2014-08-05	19.1
2014-08-06	18.9
2014-08-07	18.4
2014-08-08	20.1
2014-08-09	19.9
2014-08-10	20.6
2014-08-11	17.6
2014-08-12	15.8
2014-08-13	17.4
2014-08-14	16.4
2014-08-15	15.9
2014-08-16	14.3
2014-08-17	14.9
2014-08-18	13.9
2014-08-19	12.9
2014-08-20	12.2
2014-08-21	13.2
2014-08-22	14.4
2014-08-23	12.6
2014-08-24	11.8
2014-08-25	11.2
2014-08-26	12.1
2014-08-27	13.9
2014-08-28	16.4
2014-08-29	17.4
2014-08-30	15.8
2014-08-31	14.9
2014-09-01	15.1
2014-09-02	16.8
2014-09-03	15.7
2014-09-04	17.0
2014-09-05	19.3
2014-09-06	19.8
2014-09-07	17.3
2014-09-08	15.0
2014-09-09	14.4
2014-09-10	15.1
2014-09-11	14.8
2014-09-12	15.6
2014-09-13	15.9
2014-09-14	16.7
2014-09-15	18.7
2014-09-16	18.5
2014-09-17	17.9
2014-09-18	17.6
2014-09-19	18.2
2014-09-20	17.3
2014-09-21	15.5
2014-09-22	12.5
2014-09-23	11.3
2014-09-24	13.3
2014-09-25	13.6
2014-09-26	15.0
2014-09-27	12.4
2014-09-28	13.6
2014-09-29	16.0
2014-09-30	16.4
2014-10-01	15.3
2014-10-02	16.2
2014-10-03	17.6
2014-10-04	15.0
2014-10-05	12.9
2014-10-06	14.0
2014-10-07	12.4
2014-10-08	12.7
2014-10-09	16.2
2014-10-10	14.1
2014-10-11	13.9
2014-10-12	12.6
2014-10-13	12.7
2014-10-14	14.1
2014-10-15	13.4
2014-10-16	12.9
2014-10-17	13.5
2014-10-18	13.7
2014-10-19	17.4
2014-10-20	14.0
2014-10-21	11.7
2014-10-22	11.2
2014-10-23	11.5
2014-10-24	12.2
2014-10-25	11.1
2014-10-26	11.9
2014-10-27	12.7
2014-10-28	9.1
2014-10-29	7.0
2014-10-30	7.3
2014-10-31	12.5
2014-11-01	13.5
2014-11-02	12.8
2014-11-03	14.1
2014-11-04	11.5
2014-11-05	8.8
2014-11-06	8.4
2014-11-07	6.6
2014-11-08	8.1
2014-11-09	7.2
2014-11-10	7.2
2014-11-11	7.5
2014-11-12	9.5
2014-11-13	10.1
2014-11-14	10.6
2014-11-15	9.9
2014-11-16	8.5
2014-11-17	7.7
2014-11-18	7.3
2014-11-19	7.0
2014-11-20	5.2
2014-11-21	1.1
2014-11-22	4.4
2014-11-23	6.5
2014-11-24	8.5
2014-11-25	3.5
2014-11-26	3.5
2014-11-27	2.9
2014-11-28	1.7
2014-11-29	0.4
2014-11-30	-1.0
2014-12-01	-2.6
2014-12-02	-3.4
2014-12-03	-2.6
2014-12-04	0.4
2014-12-05	2.3
2014-12-06	3.6
2014-12-07	4.1
2014-12-08	3.3
2014-12-09	3.0
2014-12-10	4.3
2014-12-11	3.9
2014-12-12	6.2
2014-12-13	3.6
2014-12-14	2.7
2014-12-15	4.1
2014-12-16	4.7
2014-12-17	3.7
2014-12-18	9.9
2014-12-19	8.8
2014-12-20	5.4
2014-12-21	6.0
2014-12-22	10.3
2014-12-23	9.8
2014-12-24	7.5
2014-12-25	3.6
2014-12-26	-1.7
2014-12-27	-2.0
2014-12-28	-3.5
2014-12-29	0.9
2014-12-30	3.8
2014-12-31	5.7
2015-01-01	3.6
2015-01-02	6.3
2015-01-03	4.5
2015-01-04	4.0
2015-01-05	3.8
2015-01-06	2.9
2015-01-07	4.3
2015-01-08	5.0
2015-01-09	6.9
2015-01-10	8.6
2015-01-11	4.1
2015-01-12	7.0
2015-01-13	7.4
2015-01-14	3.8
2015-01-15	6.1
2015-01-16	6.0
2015-01-17	2.5
2015-01-18	1.8
2015-01-19	0.7
2015-01-20	0.1
2015-01-21	-1.7
2015-01-22	-1.0
2015-01-23	-2.3
2015-01-24	-1.0
2015-01-25	1.6
2015-01-26	3.4
2015-01-27	3.8
2015-01-28	3.9
2015-01-29	2.0
2015-01-30	0.8
2015-01-31	0.2
2015-02-01	-0.3
2015-02-02	1.2
2015-02-03	-0.5
2015-02-04	-1.8
2015-02-05	-0.6
2015-02-06	-2.4
2015-02-07	2.0
2015-02-08	2.8
2015-02-09	5.6
2015-02-10	5.9
2015-02-11	3.0
2015-02-12	1.4
2015-02-13	0.5
2015-02-14	2.5
2015-02-15	1.8
2015-02-16	1.3
2015-02-17	0.8
2015-02-18	2.4
2015-02-19	2.6
2015-02-20	4.0
2015-02-21	4.2
2015-02-22	3.4
2015-02-23	3.4
2015-02-24	4.1
2015-02-25	4.3
2015-02-26	5.4
2015-02-27	3.9
2015-02-28	3.2
2015-03-01	4.8
2015-03-02	4.1
2015-03-03	3.0
2015-03-04	3.1
2015-03-05	4.6
2015-03-06	6.8
2015-03-07	8.4
2015-03-08	10.0
2015-03-09	7.2
2015-03-10	7.4
2015-03-11	5.7
2015-03-12	3.6
2015-03-13	2.7
2015-03-14	4.4
2015-03-15	5.5
2015-03-16	8.8
2015-03-17	9.7
2015-03-18	10.0
2015-03-19	7.7
2015-03-20	2.7
2015-03-21	4.1
2015-03-22	2.4
2015-03-23	4.3
2015-03-24	4.5
2015-03-25	8.0
2015-03-26	6.0
2015-03-27	6.4
2015-03-28	7.4
2015-03-29	8.6
2015-03-30	5.5
2015-03-31	5.0
2015-04-01	4.2
2015-04-02	3.7
2015-04-03	5.0
2015-04-04	3.4
2015-04-05	4.1
2015-04-06	6.3
2015-04-07	5.3
2015-04-08	7.8
2015-04-09	9.3
2015-04-10	11.5
2015-04-11	11.6
2015-04-12	9.8
2015-04-13	7.3
2015-04-14	8.6
2015-04-15	12.8
2015-04-16	7.4
2015-04-17	7.6
2015-04-18	7.2
2015-04-19	8.8
2015-04-20	10.2
2015-04-21	9.6
2015-04-22	10.5
2015-04-23	9.2
2015-04-24	11.8
2015-04-25	12.0
2015-04-26	10.0
2015-04-27	7.6
2015-04-28	5.6
2015-04-29	9.1
2015-04-30	8.6
2015-05-01	7.4
2015-05-02	7.9
2015-05-03	11.7
2015-05-04	15.0
2015-05-05	16.5
2015-05-06	12.8
2015-05-07	10.7
2015-05-08	10.9
2015-05-09	12.5
2015-05-10	9.6
2015-05-11	15.6
2015-05-12	14.0
2015-05-13	11.3
2015-05-14	9.6
2015-05-15	8.9
2015-05-16	8.4
2015-05-17	9.6
2015-05-18	11.6
2015-05-19	10.5
2015-05-20	10.1
2015-05-21	9.6
2015-05-22	13.4
2015-05-23	12.0
2015-05-24	11.6
2015-05-25	10.9
2015-05-26	10.5
2015-05-27	11.7
2015-05-28	11.9
2015-05-29	11.8
2015-05-30	10.0
2015-05-31	13.0
2015-06-01	12.6
2015-06-02	15.4
2015-06-03	14.6
2015-06-04	13.6
2015-06-05	20.4
2015-06-06	17.9
2015-06-07	13.4
2015-06-08	11.5
2015-06-09	11.6
2015-06-10	14.6
2015-06-11	15.4
2015-06-12	18.9
2015-06-13	19.2
2015-06-14	14.0
2015-06-15	11.2
2015-06-16	11.7
2015-06-17	12.9
2015-06-18	13.0
2015-06-19	11.6
2015-06-20	13.1
2015-06-21	14.2
2015-06-22	11.8
2015-06-23	13.4
2015-06-24	13.4
2015-06-25	16.9
2015-06-26	17.9
2015-06-27	17.4
2015-06-28	16.6
2015-06-29	18.9
2015-06-30	18.0
2015-07-01	21.5
2015-07-02	25.4
2015-07-03	24.4
2015-07-04	26.8
2015-07-05	23.9
2015-07-06	18.4
2015-07-07	20.3
2015-07-08	16.3
2015-07-09	13.1
2015-07-10	13.9
2015-07-11	16.8
2015-07-12	16.5
2015-07-13	16.7
2015-07-14	16.8
2015-07-15	17.3
2015-07-16	17.4
2015-07-17	20.4
2015-07-18	18.6
2015-07-19	13.4
2015-07-20	17.0
2015-07-21	20.1
2015-07-22	19.8
2015-07-23	16.0
2015-07-24	17.8
2015-07-25	18.0
2015-07-26	15.5
2015-07-27	15.6
2015-07-28	15.1
2015-07-29	14.3
2015-07-30	13.8
2015-07-31	12.9
2015-08-01	14.9
2015-08-02	16.8
2015-08-03	22.1
2015-08-04	21.9
2015-08-05	18.3
2015-08-06	23.4
2015-08-07	19.3
2015-08-08	18.5
2015-08-09	18.1
2015-08-10	20.4
2015-08-11	19.6
2015-08-12	18.7
2015-08-13	18.9
2015-08-14	22.9
2015-08-15	20.5
2015-08-16	20.1
2015-08-17	19.5
2015-08-18	16.3
2015-08-19	14.9
2015-08-20	16.7
2015-08-21	18.4
2015-08-22	18.7
2015-08-23	18.5
2015-08-24	19.7
2015-08-25	17.6
2015-08-26	20.2
2015-08-27	17.3
2015-08-28	15.5
2015-08-29	16.4
2015-08-30	17.2
2015-08-31	21.5
2015-09-01	17.4
2015-09-02	14.6
2015-09-03	13.8
2015-09-04	13.7
2015-09-05	12.8
2015-09-06	13.8
2015-09-07	14.0
2015-09-08	13.2
2015-09-09	12.7
2015-09-10	13.3
2015-09-11	13.3
2015-09-12	15.5
2015-09-13	17.4
2015-09-14	16.4
2015-09-15	13.6
2015-09-16	14.4
2015-09-17	16.6
2015-09-18	14.4
2015-09-19	12.8
2015-09-20	12.7
2015-09-21	12.6
2015-09-22	13.0
2015-09-23	12.1
2015-09-24	13.5
2015-09-25	11.7
2015-09-26	11.3
2015-09-27	9.8
2015-09-28	10.2
2015-09-29	10.5
2015-09-30	10.7
2015-10-01	9.7
2015-10-02	9.5
2015-10-03	11.1
2015-10-04	11.9
2015-10-05	13.1
2015-10-06	13.5
2015-10-07	13.4
2015-10-08	13.1
2015-10-09	9.8
2015-10-10	6.6
2015-10-11	5.4
2015-10-12	4.4
2015-10-13	5.0
2015-10-14	5.8
2015-10-15	7.0
2015-10-16	7.7
2015-10-17	8.1
2015-10-18	8.2
2015-10-19	9.0
2015-10-20	7.4
2015-10-21	9.8
2015-10-22	10.9
2015-10-23	11.1
2015-10-24	10.2
2015-10-25	9.8
2015-10-26	7.5
2015-10-27	8.1
2015-10-28	8.0
2015-10-29	8.9
2015-10-30	10.3
2015-10-31	9.2
2015-11-01	7.7
2015-11-02	6.8
2015-11-03	3.7
2015-11-04	6.2
2015-11-05	11.3
2015-11-06	13.1
2015-11-07	15.5
2015-11-08	12.4
2015-11-09	12.6
2015-11-10	14.6
2015-11-11	13.2
2015-11-12	11.7
2015-11-13	10.5
2015-11-14	7.1
2015-11-15	9.6
2015-11-16	11.3
2015-11-17	10.8
2015-11-18	11.2
2015-11-19	10.1
2015-11-20	7.4
2015-11-21	3.8
2015-11-22	0.2
2015-11-23	1.5
2015-11-24	3.2
2015-11-25	4.0
2015-11-26	3.8
2015-11-27	3.6
2015-11-28	4.7
2015-11-29	7.9
2015-11-30	4.9
2015-12-01	5.7
2015-12-02	10.3
2015-12-03	9.2
2015-12-04	8.6
2015-12-05	8.2
2015-12-06	9.2
2015-12-07	9.2
2015-12-08	9.6
2015-12-09	7.5
2015-12-10	6.0
2015-12-11	5.5
2015-12-12	5.4
2015-12-13	4.9
2015-12-14	2.3
2015-12-15	4.9
2015-12-16	6.8
2015-12-17	11.7
2015-12-18	11.8
2015-12-19	11.5
2015-12-20	11.4
2015-12-21	10.3
2015-12-22	10.7
2015-12-23	10.5
2015-12-24	8.5
2015-12-25	7.8
2015-12-26	13.0
2015-12-27	10.2
2015-12-28	3.7
2015-12-29	5.4
2015-12-30	4.5
2015-12-31	2.1
2016-01-01	3.5
2016-01-02	0.1
2016-01-03	-6.0
2016-01-04	-7.2
2016-01-05	-5.7
2016-01-06	-5.4
2016-01-07	-4.6
2016-01-08	2.3
2016-01-09	1.3
2016-01-10	1.9
2016-01-11	2.0
2016-01-12	4.3
2016-01-13	2.9
2016-01-14	2.0
2016-01-15	1.3
2016-01-16	-0.2
2016-01-17	-2.7
2016-01-18	-4.7
2016-01-19	-3.7
2016-01-20	-1.3
2016-01-21	-5.3
2016-01-22	-4.4
2016-01-23	2.4
2016-01-24	5.3
2016-01-25	9.3
2016-01-26	9.2
2016-01-27	9.9
2016-01-28	6.5
2016-01-29	6.6
2016-01-30	6.4
2016-01-31	3.7
2016-02-01	8.0
2016-02-02	8.3
2016-02-03	4.9
2016-02-04	2.7
2016-02-05	4.6
2016-02-06	8.8
2016-02-07	8.2
2016-02-08	7.4
2016-02-09	6.1
2016-02-10	3.5
2016-02-11	3.9
2016-02-12	2.2
2016-02-13	0.7
2016-02-14	1.4
2016-02-15	0.7
2016-02-16	-0.8
2016-02-17	-0.1
2016-02-18	0.5
2016-02-19	1.2
2016-02-20	4.2
2016-02-21	8.0
2016-02-22	6.1
2016-02-23	4.2
2016-02-24	2.1
2016-02-25	1.3
2016-02-26	1.3
2016-02-27	1.1
2016-02-28	-0.1
2016-02-29	-0.6
2016-03-01	-0.5
2016-03-02	3.9
2016-03-03	2.7
2016-03-04	2.8
2016-03-05	3.5
2016-03-06	3.6
2016-03-07	2.7
2016-03-08	1.9
2016-03-09	3.8
2016-03-10	2.7
2016-03-11	2.5
2016-03-12	2.2
2016-03-13	0.7
2016-03-14	3.3
2016-03-15	5.1
2016-03-16	4.6
2016-03-17	4.3
2016-03-18	5.1
2016-03-19	4.9
2016-03-20	6.3
2016-03-21	6.5
2016-03-22	6.2
2016-03-23	6.2
2016-03-24	4.1
2016-03-25	6.9
2016-03-26	8.5
2016-03-27	8.4
2016-03-28	8.5
2016-03-29	6.6
2016-03-30	6.1
2016-03-31	6.5
2016-04-01	6.3
2016-04-02	9.8
2016-04-03	13.2
2016-04-04	14.3
2016-04-05	10.9
2016-04-06	9.5
2016-04-07	6.7
2016-04-08	6.8
2016-04-09	8.4
2016-04-10	9.7
2016-04-11	8.7
2016-04-12	9.8
2016-04-13	10.1
2016-04-14	9.7
2016-04-15	8.7
2016-04-16	10.0
2016-04-17	7.1
2016-04-18	7.3
2016-04-19	8.3
2016-04-20	7.7
2016-04-21	7.2
2016-04-22	7.0
2016-04-23	5.1
2016-04-24	2.8
2016-04-25	2.6
2016-04-26	3.1
2016-04-27	3.5
2016-04-28	6.2
2016-04-29	7.2
2016-04-30	6.6
2016-05-01	8.5
2016-05-02	12.8
2016-05-03	10.0
2016-05-04	9.1
2016-05-05	11.3
2016-05-06	16.3
2016-05-07	19.0
2016-05-08	19.1
2016-05-09	18.7
2016-05-10	18.3
2016-05-11	18.2
2016-05-12	15.4
2016-05-13	14.3
2016-05-14	8.4
2016-05-15	7.8
2016-05-16	8.7
2016-05-17	8.9
2016-05-18	13.1
2016-05-19	16.5
2016-05-20	14.1
2016-05-21	17.9
2016-05-22	20.1
2016-05-23	17.1
2016-05-24	12.7
2016-05-25	12.7
2016-05-26	13.1
2016-05-27	14.3
2016-05-28	16.0
2016-05-29	16.1
2016-05-30	19.9
2016-05-31	18.9
2016-06-01	19.6
2016-06-02	18.2
2016-06-03	20.1
2016-06-04	20.9
2016-06-05	20.3
2016-06-06	20.4
2016-06-07	19.7
2016-06-08	14.5
2016-06-09	15.7
2016-06-10	14.0
2016-06-11	15.0
2016-06-12	12.8
2016-06-13	15.3
2016-06-14	15.7
2016-06-15	15.5
2016-06-16	16.3
2016-06-17	15.5
2016-06-18	15.4
2016-06-19	13.6
2016-06-20	15.9
2016-06-21	17.4
2016-06-22	20.4
2016-06-23	25.3
2016-06-24	21.5
2016-06-25	18.1
2016-06-26	16.1
2016-06-27	16.2
2016-06-28	16.1
2016-06-29	16.7
2016-06-30	17.7
2016-07-01	18.5
2016-07-02	15.0
2016-07-03	14.4
2016-07-04	16.1
2016-07-05	16.6
2016-07-06	14.0
2016-07-07	16.0
2016-07-08	17.0
2016-07-09	17.4
2016-07-10	22.2
2016-07-11	19.8
2016-07-12	16.9
2016-07-13	15.2
2016-07-14	14.3
2016-07-15	14.6
2016-07-16	16.0
2016-07-17	17.4
2016-07-18	17.4
2016-07-19	19.9
2016-07-20	22.9
2016-07-21	23.9
2016-07-22	21.0
2016-07-23	21.4
2016-07-24	22.4
2016-07-25	22.0
2016-07-26	19.0
2016-07-27	18.9
2016-07-28	19.5
2016-07-29	19.1
2016-07-30	17.9
2016-07-31	16.5
2016-08-01	15.3
2016-08-02	15.9
2016-08-03	18.0
2016-08-04	18.3
2016-08-05	17.3
2016-08-06	16.7
2016-08-07	18.3
2016-08-08	17.7
2016-08-09	13.3
2016-08-10	12.0
2016-08-11	11.8
2016-08-12	16.4
2016-08-13	17.1
2016-08-14	16.0
2016-08-15	14.5
2016-08-16	15.0
2016-08-17	15.2
2016-08-18	14.1
2016-08-19	16.7
2016-08-20	18.2
2016-08-21	17.0
2016-08-22	17.0
2016-08-23	19.0
2016-08-24	22.2
2016-08-25	24.5
2016-08-26	23.2
2016-08-27	19.6
2016-08-28	20.8
2016-08-29	16.7
2016-08-30	16.0
2016-08-31	18.3
2016-09-01	16.8
2016-09-02	16.7
2016-09-03	17.3
2016-09-04	16.7
2016-09-05	16.3
2016-09-06	16.8
2016-09-07	18.6
2016-09-08	20.3
2016-09-09	18.7
2016-09-10	20.0
2016-09-11	19.3
2016-09-12	21.5
2016-09-13	23.8
2016-09-14	23.1
2016-09-15	20.8
2016-09-16	17.3
2016-09-17	17.8
2016-09-18	14.9
2016-09-19	13.6
2016-09-20	14.8
2016-09-21	14.9
2016-09-22	14.9
2016-09-23	14.9
2016-09-24	14.3
2016-09-25	16.7
2016-09-26	16.1
2016-09-27	15.6
2016-09-28	17.3
2016-09-29	17.0
2016-09-30	13.4
2016-10-01	11.9
2016-10-02	12.1
2016-10-03	11.5
2016-10-04	11.9
2016-10-05	10.0
2016-10-06	10.0
2016-10-07	10.2
2016-10-08	8.0
2016-10-09	6.5
2016-10-10	7.5
2016-10-11	9.6
2016-10-12	8.8
2016-10-13	8.0
2016-10-14	8.2
2016-10-15	8.6
2016-10-16	11.3
2016-10-17	10.6
2016-10-18	12.1
2016-10-19	7.7
2016-10-20	7.3
2016-10-21	8.1
2016-10-22	7.2
2016-10-23	7.8
2016-10-24	5.8
2016-10-25	6.4
2016-10-26	5.4
2016-10-27	11.2
2016-10-28	11.5
2016-10-29	9.8
2016-10-30	9.7
2016-10-31	11.2
2016-11-01	9.4
2016-11-02	5.6
2016-11-03	4.1
2016-11-04	7.5
2016-11-05	5.0
2016-11-06	5.6
2016-11-07	3.0
2016-11-08	-0.4
2016-11-09	-1.4
2016-11-10	1.0
2016-11-11	1.2
2016-11-12	-2.3
2016-11-13	-1.1
2016-11-14	0.5
2016-11-15	6.0
2016-11-16	8.4
2016-11-17	8.1
2016-11-18	6.6
2016-11-19	5.0
2016-11-20	6.5
2016-11-21	11.5
2016-11-22	10.6
2016-11-23	8.6
2016-11-24	3.3
2016-11-25	0.8
2016-11-26	2.6
2016-11-27	4.6
2016-11-28	-1.1
2016-11-29	-2.4
2016-11-30	3.6
2016-12-01	7.8
2016-12-02	3.0
2016-12-03	-1.8
2016-12-04	-0.5
2016-12-05	-1.1
2016-12-06	2.6
2016-12-07	3.9
2016-12-08	7.7
2016-12-09	8.8
2016-12-10	9.0
2016-12-11	7.5
2016-12-12	5.7
2016-12-13	6.0
2016-12-14	5.8
2016-12-15	1.5
2016-12-16	0.3
2016-12-17	2.3
2016-12-18	6.6
2016-12-19	5.1
2016-12-20	1.5
2016-12-21	2.9
2016-12-22	4.3
2016-12-23	6.1
2016-12-24	6.4
2016-12-25	8.9
2016-12-26	7.9
2016-12-27	7.8
2016-12-28	7.0
2016-12-29	3.0
2016-12-30	0.4
2016-12-31	1.8
2017-01-01	3.5
2017-01-02	1.9
2017-01-03	4.6
2017-01-04	3.6
2017-01-05	-3.6
2017-01-06	-6.6
2017-01-07	-1.5
2017-01-08	1.6
2017-01-09	1.4
2017-01-10	2.4
2017-01-11	4.1
2017-01-12	3.5
2017-01-13	1.4
2017-01-14	1.3
2017-01-15	-0.6
2017-01-16	-4.1
2017-01-17	-3.2
2017-01-18	-2.3
2017-01-19	-0.3
2017-01-20	1.1
2017-01-21	2.4
2017-01-22	0.6
2017-01-23	-0.1
2017-01-24	0.2
2017-01-25	-1.3
2017-01-26	0.5
2017-01-27	-0.2
2017-01-28	-1.0
2017-01-29	3.7
2017-01-30	1.6
2017-01-31	1.3
2017-02-01	1.1
2017-02-02	1.8
2017-02-03	1.9
2017-02-04	5.0
2017-02-05	2.5
2017-02-06	1.7
2017-02-07	-0.1
2017-02-08	-2.5
2017-02-09	-3.5
2017-02-10	-3.3
2017-02-11	-1.7
2017-02-12	-1.2
2017-02-13	-1.9
2017-02-14	-1.0
2017-02-15	2.0
2017-02-16	4.8
2017-02-17	5.3
2017-02-18	3.9
2017-02-19	4.8
2017-02-20	7.7
2017-02-21	6.6
2017-02-22	7.6
2017-02-23	5.9
2017-02-24	3.3
2017-02-25	3.0
2017-02-26	7.0
2017-02-27	10.4
2017-02-28	6.0
2017-03-01	4.1
2017-03-02	4.6
2017-03-03	6.3
2017-03-04	8.5
2017-03-05	7.5
2017-03-06	4.4
2017-03-07	2.2
2017-03-08	4.5
2017-03-09	6.1
2017-03-10	6.7
2017-03-11	6.1
2017-03-12	4.7
2017-03-13	4.3
2017-03-14	8.6
2017-03-15	7.9
2017-03-16	8.5
2017-03-17	7.1
2017-03-18	5.5
2017-03-19	5.3
2017-03-20	10.1
2017-03-21	7.2
2017-03-22	6.6
2017-03-23	5.3
2017-03-24	6.1
2017-03-25	5.9
2017-03-26	6.9
2017-03-27	9.2
2017-03-28	10.6
2017-03-29	10.4
2017-03-30	14.2
2017-03-31	15.8
2017-04-01	14.3
2017-04-02	11.4
2017-04-03	9.9
2017-04-04	8.7
2017-04-05	6.9
2017-04-06	7.5
2017-04-07	8.7
2017-04-08	9.9
2017-04-09	11.6
2017-04-10	9.1
2017-04-11	7.3
2017-04-12	8.0
2017-04-13	7.4
2017-04-14	7.4
2017-04-15	7.4
2017-04-16	6.5
2017-04-17	5.0
2017-04-18	3.7
2017-04-19	2.5
2017-04-20	5.2
2017-04-21	9.4
2017-04-22	6.2
2017-04-23	5.7
2017-04-24	6.5
2017-04-25	4.9
2017-04-26	4.8
2017-04-27	5.6
2017-04-28	7.0
2017-04-29	5.7
2017-04-30	8.9
2017-05-01	11.2
2017-05-02	9.5
2017-05-03	10.3
2017-05-04	7.9
2017-05-05	7.2
2017-05-06	10.8
2017-05-07	11.0
2017-05-08	8.2
2017-05-09	6.6
2017-05-10	7.7
2017-05-11	11.2
2017-05-12	14.0
2017-05-13	14.5
2017-05-14	15.3
2017-05-15	14.8
2017-05-16	14.7
2017-05-17	20.4
2017-05-18	19.3
2017-05-19	16.5
2017-05-20	14.0
2017-05-21	14.3
2017-05-22	16.3
2017-05-23	16.5
2017-05-24	13.3
2017-05-25	14.9
2017-05-26	17.8
2017-05-27	20.5
2017-05-28	20.4
2017-05-29	18.6
2017-05-30	19.0
2017-05-31	14.9
2017-06-01	13.2
2017-06-02	16.4
2017-06-03	16.1
2017-06-04	15.6
2017-06-05	15.7
2017-06-06	16.5
2017-06-07	12.3
2017-06-08	14.5
2017-06-09	16.5
2017-06-10	16.3
2017-06-11	20.3
2017-06-12	15.8
2017-06-13	14.7
2017-06-14	16.1
2017-06-15	18.9
2017-06-16	15.5
2017-06-17	16.4
2017-06-18	19.5
2017-06-19	22.5
2017-06-20	18.5
2017-06-21	15.3
2017-06-22	18.3
2017-06-23	17.5
2017-06-24	16.3
2017-06-25	15.9
2017-06-26	15.0
2017-06-27	15.2
2017-06-28	19.2
2017-06-29	18.9
2017-06-30	14.8
2017-07-01	15.7
2017-07-02	15.1
2017-07-03	16.1
2017-07-04	15.1
2017-07-05	15.5
2017-07-06	17.7
2017-07-07	20.4
2017-07-08	18.2
2017-07-09	16.6
2017-07-10	15.8
2017-07-11	16.6
2017-07-12	14.9
2017-07-13	14.5
2017-07-14	15.0
2017-07-15	15.6
2017-07-16	16.5
2017-07-17	16.3
2017-07-18	16.7
2017-07-19	20.1
2017-07-20	20.2
2017-07-21	18.5
2017-07-22	18.1
2017-07-23	18.1
2017-07-24	16.4
2017-07-25	15.7
2017-07-26	17.6
2017-07-27	17.4
2017-07-28	15.8
2017-07-29	17.4
2017-07-30	20.5
2017-07-31	19.6
2017-08-01	18.9
2017-08-02	18.8
2017-08-03	19.9
2017-08-04	18.2
2017-08-05	16.8
2017-08-06	15.5
2017-08-07	17.7
2017-08-08	18.4
2017-08-09	17.6
2017-08-10	16.7
2017-08-11	15.0
2017-08-12	15.0
2017-08-13	15.7
2017-08-14	16.1
2017-08-15	20.7
2017-08-16	17.7
2017-08-17	18.1
2017-08-18	17.8
2017-08-19	14.8
2017-08-20	14.6
2017-08-21	14.8
2017-08-22	14.1
2017-08-23	15.2
2017-08-24	16.9
2017-08-25	16.2
2017-08-26	17.1
2017-08-27	16.7
2017-08-28	17.0
2017-08-29	19.6
2017-08-30	21.2
2017-08-31	16.1
2017-09-01	13.8
2017-09-02	13.1
2017-09-03	12.9
2017-09-04	13.4
2017-09-05	16.3
2017-09-06	15.8
2017-09-07	14.0
2017-09-08	14.3
2017-09-09	13.8
2017-09-10	14.0
2017-09-11	15.2
2017-09-12	13.6
2017-09-13	13.0
2017-09-14	12.6
2017-09-15	12.7
2017-09-16	10.7
2017-09-17	11.2
2017-09-18	11.9
2017-09-19	12.2
2017-09-20	12.5
2017-09-21	13.8
2017-09-22	13.8
2017-09-23	13.7
2017-09-24	14.3
2017-09-25	15.4
2017-09-26	14.6
2017-09-27	15.1
2017-09-28	14.2
2017-09-29	17.1
2017-09-30	14.6
2017-10-01	13.5
2017-10-02	13.6
2017-10-03	12.1
2017-10-04	11.7
2017-10-05	10.7
2017-10-06	11.4
2017-10-07	10.8
2017-10-08	10.0
2017-10-09	8.4
2017-10-10	12.7
2017-10-11	14.1
2017-10-12	13.0
2017-10-13	12.8
2017-10-14	15.8
2017-10-15	15.6
2017-10-16	15.8
2017-10-17	14.0
2017-10-18	11.5
2017-10-19	13.2
2017-10-20	12.8
2017-10-21	12.1
2017-10-22	9.9
2017-10-23	10.5
2017-10-24	12.2
2017-10-25	14.0
2017-10-26	11.8
2017-10-27	11.0
2017-10-28	10.8
2017-10-29	9.4
2017-10-30	6.7
2017-10-31	8.0
2017-11-01	11.2
2017-11-02	9.7
2017-11-03	8.6
2017-11-04	8.9
2017-11-05	9.6
2017-11-06	4.6
2017-11-07	3.0
2017-11-08	6.9
2017-11-09	7.5
2017-11-10	7.3
2017-11-11	4.4
2017-11-12	4.1
2017-11-13	3.0
2017-11-14	4.4
2017-11-15	8.6
2017-11-16	8.6
2017-11-17	5.8
2017-11-18	5.0
2017-11-19	5.3
2017-11-20	4.5
2017-11-21	5.0
2017-11-22	9.6
2017-11-23	10.2
2017-11-24	6.0
2017-11-25	3.2
2017-11-26	3.6
2017-11-27	4.7
2017-11-28	5.5
2017-11-29	3.8
2017-11-30	2.6
2017-12-01	1.8
2017-12-02	0.3
2017-12-03	3.0
2017-12-04	5.3
2017-12-05	7.7
2017-12-06	7.6
2017-12-07	6.3
2017-12-08	2.7
2017-12-09	1.5
2017-12-10	0.5
2017-12-11	0.0
2017-12-12	0.9
2017-12-13	2.1
2017-12-14	2.9
2017-12-15	2.8
2017-12-16	2.6
2017-12-17	0.4
2017-12-18	2.0
2017-12-19	4.8
2017-12-20	6.0
2017-12-21	6.5
2017-12-22	5.5
2017-12-23	7.0
2017-12-24	8.3
2017-12-25	8.1
2017-12-26	5.5
2017-12-27	3.9
2017-12-28	3.4
2017-12-29	2.7
2017-12-30	4.9
2017-12-31	8.4
